"","mean","se_mean","sd","2.5%","25%","50%","75%","97.5%","n_eff","Rhat"
"z_eps_sept_obs[1]",0.919585054721261,0.00428989992302275,0.305796945587508,0.364562962698988,0.711043448698127,0.902377586649282,1.11838102947219,1.56144219289946,5081.26640054813,1.00028379543934
"z_eps_sept_obs[2]",1.24959739774537,0.00582978515236822,0.238042487428547,0.8246914279468,1.08176691380783,1.23333241887861,1.39983150839703,1.75888045479173,1667.26203087818,1.00182247917038
"z_eps_sept_obs[3]",0.715434905004339,0.0033096676752763,0.151561855301819,0.449750136194488,0.607964491477169,0.704930777986429,0.808609267653203,1.04383812356144,2097.06093074338,1.000875085115
"z_eps_sept_obs[4]",-0.649737354481415,0.00304331254426905,0.131206285402101,-0.925720534975856,-0.730577745605395,-0.641570641607806,-0.557854000765113,-0.414405615322777,1858.72939998161,1.00139090413909
"z_eps_sept_obs[5]",-0.177944750576034,0.00247842495239653,0.130530913215379,-0.441824548488496,-0.262950155937329,-0.175418400009152,-0.0888781203099209,0.0698873773954162,2773.80040442191,0.99978394541199
"z_eps_sept_obs[6]",-0.115250062297695,0.00247493891677341,0.127106657870198,-0.382551898547958,-0.196817474063197,-0.108818048789468,-0.0294559326897236,0.123611918726747,2637.59207797265,1.00038053714664
"z_eps_sept_obs[7]",0.155632986491577,0.00173285547963713,0.103251306797405,-0.0409447518370457,0.0859834479495993,0.153598445199225,0.221251670687865,0.368902372157713,3550.31122846223,1.00051967542244
"z_eps_sept_obs[8]",-0.116517053892959,0.00138409474573722,0.105888629238931,-0.33259223906021,-0.184160741566423,-0.114271229839685,-0.0452065133064616,0.0861160657057868,5852.84486028618,1.00012118353642
"z_eps_sept_obs[9]",-0.232741797136131,0.00140994112232008,0.116187305647521,-0.474819800924721,-0.307000109999435,-0.227818974022345,-0.152912132140542,-0.0203510229174107,6790.71347849295,1.00027211682873
"z_eps_sept_obs[10]",0.791423743999234,0.00398202724732141,0.171493578718336,0.491478648089329,0.666747968957536,0.77810496042741,0.902671395270801,1.15412499983194,1854.75808025034,1.00125529653476
"z_eps_sept_obs[11]",1.09150848731719,0.00494549881236177,0.212690366125954,0.712560540001777,0.941130459506079,1.07945951249849,1.22866571193791,1.53925629742956,1849.58985179041,1.00116368635466
"z_eps_sept_obs[12]",-0.956134357321335,0.00442797397724725,0.194181944635779,-1.36158358267925,-1.08056566400059,-0.944471824485425,-0.815325685112007,-0.610440244918736,1923.12525959193,1.00065079958981
"z_eps_sept_obs[13]",-0.281435104109789,0.00167862544550347,0.127507607990905,-0.551144286168033,-0.361901827374783,-0.275219598942389,-0.193490676561568,-0.0504021907740276,5769.85093128772,0.999948704980634
"z_eps_sept_obs[14]",-1.56864201170797,0.00681559816541341,0.296673207717869,-2.19921444199395,-1.76226763571006,-1.55424627704723,-1.36223143019417,-1.03477169910418,1894.73597045839,1.002276962761
"z_eps_sept_obs[15]",1.17651514032671,0.00498809659579349,0.263134486742366,0.700452986415216,0.994044488917267,1.16196112002673,1.34787570932299,1.72294133599393,2782.82458683242,1.00113399817
"z_eps_sept_obs[16]",0.685676728338846,0.00350891065617052,0.185665973696114,0.356860526260952,0.557815187318482,0.67070819239093,0.801182953540889,1.08499750886021,2799.7549317269,1.00069138776658
"z_eps_sept_obs[17]",-0.165247863499457,0.00161661637219038,0.120043390305058,-0.410131897837695,-0.241378860699497,-0.163452784038257,-0.0846056226008226,0.062871911617301,5513.94664345501,1.00013957249597
"z_eps_sept_obs[18]",-1.61001470518889,0.00703063095892713,0.286194242773641,-2.21801693179393,-1.79203355058407,-1.59411682961752,-1.41153365954347,-1.08668061645923,1657.04072286628,1.00202439288693
"z_eps_sept_obs[19]",1.07937737257995,0.0047726463755835,0.229110039421629,0.672371966668581,0.919088130898978,1.06441248182086,1.22620672252693,1.56737786665321,2304.46292907181,1.00130949235418
"z_eps_sept_obs[20]",-0.545554888297312,0.00278300854164458,0.176140484793456,-0.923525093716052,-0.65378698006031,-0.533895887075945,-0.422198667887686,-0.233913175236574,4005.80031243585,1.00079981587039
"z_eps_sept_obs[21]",0.615406494850668,0.00308574055501499,0.199985535085695,0.259503522870652,0.476452239597352,0.601249532032877,0.738901586378505,1.04759230431544,4200.28106019357,1.00077421854235
"z_eps_sept_obs[22]",-1.22176443711151,0.00436962679583663,0.370744084623768,-1.95740678867982,-1.46282987421043,-1.2197767651241,-0.972755349461435,-0.506150340988034,7198.79437709496,1.00010707235941
"z_eps_sept_obs[23]",2.20594290446116,0.00788356978163992,0.417994199031889,1.427688153309,1.91218003447657,2.18819288158504,2.48036369575447,3.05527051046348,2811.21898429541,1.00101043701906
"N_sept_sd",0.635853327331494,0.00293501947653429,0.107863303875613,0.464019906717871,0.558609825214306,0.62296132944361,0.698205213455612,0.880196963918857,1350.59600979942,1.0023438334863
"N_sept_1",125.626828705881,0.208382812468186,20.2420568059112,89.8744217449294,111.584536362373,124.339592911392,137.993018941932,169.938174791464,9435.94689628569,0.999712134989333
"z_eps_tr[1]",0.858792952541155,0.0135670626563074,0.874550956099939,-1.02167472680945,0.309838558753235,0.901577399867383,1.43097224456362,2.52243352572767,4155.26356977785,1.00036369930708
"z_eps_tr[2]",0.57029691365169,0.00990179436503189,0.79399944874632,-1.02664705306751,0.0641959276322387,0.569092841054573,1.08608455014684,2.12824805573322,6430.02403084346,0.999791175139341
"z_eps_tr[3]",0.745251704263635,0.00989605772572963,0.679124276779105,-0.692119153400702,0.341849723107368,0.759178141443867,1.17223737435637,2.02597874308207,4709.49208331277,1.00057491806234
"z_eps_tr[4]",0.0342363949546328,0.00846475041385006,0.643213896198909,-1.33198523432369,-0.34839678608015,0.0593958924689297,0.443089750908455,1.25026077692808,5774.07635171813,0.999832608133228
"z_eps_tr[5]",-0.665185836165245,0.00972332740617579,0.798230715392275,-2.14682294981189,-1.17662175372578,-0.698026151129079,-0.19167003288988,1.04187346457727,6739.49027459562,0.999986487860982
"z_eps_tr[6]",1.07945772219061,0.0129449947898611,0.776075801349488,-0.61538211823949,0.610672270621179,1.09882643906961,1.58691358584233,2.54283989439181,3594.21890406359,0.999862440841662
"z_eps_tr[7]",-0.629576346849053,0.00949964927043758,0.82943113716895,-2.15157383260112,-1.18444060882191,-0.664039295175414,-0.12039384300545,1.1477210499959,7623.34416929361,0.999709728454972
"z_eps_tr[8]",0.7447799065252,0.00987663952031917,0.68638993272282,-0.728192954405247,0.346517781983012,0.765104481460287,1.17771186272103,2.05366810425144,4829.7361306248,0.999871274943661
"z_eps_tr[9]",0.196124255781788,0.00832051609952336,0.755935351704865,-1.35765511476548,-0.280851102693077,0.201330096459773,0.678150571406466,1.71971592909925,8254.08203933864,1.00023491889083
"z_eps_tr[10]",-0.272022732223702,0.00831202521910352,0.825397513773623,-1.88112219017518,-0.807604578013798,-0.30087608901167,0.235980771177745,1.45386366784191,9860.81039744448,1.00004437046508
"z_eps_tr[11]",0.916024824156454,0.0106929583393466,0.726516876503161,-0.639222915881515,0.487983136473102,0.934524676937527,1.38078057045856,2.274369746859,4616.31743311808,1.00026351866376
"z_eps_tr[12]",-0.0597691579315064,0.00807827580454028,0.757638594271671,-1.57508881368442,-0.535561084309016,-0.073678970881129,0.422580120653208,1.51162538316092,8796.03251554062,0.999682298037449
"z_eps_tr[13]",0.169887496580631,0.00851376462864237,0.729946686362157,-1.293987033173,-0.294946547302092,0.17947290292841,0.636588074620854,1.59555842241895,7350.87442538963,1.00004593605548
"z_eps_tr[14]",-0.00937247709610237,0.00815081264984309,1.00788063967538,-1.98113079458778,-0.693923524907228,0.0020616160693564,0.671602243710822,1.95648790555705,15290.3133020019,0.999950642030129
"z_eps_tr[15]",-0.287925931037044,0.00831820448570196,0.853124874286522,-1.92103056880388,-0.867865080918131,-0.313933391311667,0.266761053447327,1.44656944534056,10518.795809484,0.999882562469221
"z_eps_tr[16]",-0.00845687798217784,0.00837132348759397,0.785446164852219,-1.53972071925476,-0.50921136170639,-0.016179823188731,0.484597814475952,1.64590102427931,8803.28167747151,0.999998108937704
"z_eps_tr[17]",0.039683782120898,0.00828243110052378,0.697990909123729,-1.40370115120645,-0.389619705889718,0.0647467560613397,0.4784387159178,1.39990028640148,7102.0523457934,0.999975895692456
"z_eps_tr[18]",-0.785377770369333,0.0110623298473926,0.849399869578396,-2.36186601731362,-1.34056168918197,-0.827732145984695,-0.277728140021181,1.07773954164763,5895.64292794411,1.00022430803707
"z_eps_tr[19]",-0.208593631537821,0.00812018362042349,0.839038024258881,-1.84487227505708,-0.760531408717346,-0.227210533900819,0.336516470663748,1.49962859876121,10676.5659249016,0.999784282852788
"z_eps_tr[20]",-0.443979582253852,0.00983166258817099,0.861287540807758,-2.04325660991573,-1.02313000489632,-0.482565713446575,0.0922131306240294,1.3619857963202,7674.3640749604,0.999905728085612
"z_eps_tr[21]",-0.146379206439946,0.00782449614971014,0.799681990606321,-1.72617478625136,-0.664724831433042,-0.174441292621519,0.354730815518234,1.50191121594708,10445.3228675033,0.99995182116056
"z_eps_tr[22]",-0.686098919502291,0.0122397990152364,0.908838330076812,-2.3453090198476,-1.30914183332079,-0.733581577491273,-0.115241832451491,1.2684310541371,5513.46595351007,0.999860025654472
"z_eps_tr[23]",-0.958243211491126,0.0162785592895868,0.995218097496208,-2.81010564226906,-1.64594687268392,-1.00220073327147,-0.298390047298283,1.07274765874799,3737.701358157,1.00018423535436
"z_eps_tr[24]",-0.286008485520642,0.0095246617401788,0.806045555664383,-1.80674320371875,-0.811769533690233,-0.330037926496574,0.2042032782626,1.43132770539403,7161.76478610057,1.00000609407817
"z_eps_aug[1]",-0.89845333258885,0.00980804912611045,0.722073377494594,-2.22327257432878,-1.38351425740234,-0.93060207581949,-0.466010697450538,0.640487969921807,5419.97647107148,0.999896005169254
"z_eps_aug[2]",-0.0052982203881377,0.00845968569319141,0.622200710420085,-1.11029975513772,-0.433905256816819,-0.0428254333962804,0.3760230346812,1.32119501932225,5409.44300974062,0.999608897637021
"z_eps_aug[3]",-1.49778924502984,0.00602053634880559,0.48137988151474,-2.46907363293566,-1.80759062718628,-1.48018433324599,-1.18625037813692,-0.557337844991562,6393.01179682898,0.999861344707724
"z_eps_aug[4]",-0.789445106773132,0.00568303719400907,0.448410203210406,-1.67996855216057,-1.07094819268168,-0.79352606116181,-0.511136718268781,0.100925410850684,6225.72560215747,0.999771953552482
"z_eps_aug[5]",0.525900141936847,0.00627209192949144,0.584208730342322,-0.551775894202832,0.136987197292219,0.50450356725576,0.900446373648405,1.73241801142698,8675.83442707491,0.999865733514323
"z_eps_aug[6]",-0.807772707179518,0.00906927123136907,0.534834007673073,-1.7870832589234,-1.15846983131253,-0.836329164011692,-0.489649371274533,0.335398917777516,3477.70906855701,0.999902308730709
"z_eps_aug[7]",0.826414830296907,0.00642925683756605,0.610952864079746,-0.287125810139026,0.414332204065326,0.788859332769495,1.20046906605892,2.11994659389031,9030.12702137667,1.00005317555154
"z_eps_aug[8]",-1.47639803112329,0.00650999235274552,0.483576530902984,-2.4686452072893,-1.77831290499429,-1.45922813333104,-1.16828855312961,-0.557709724940173,5517.84471099604,1.00060476209044
"z_eps_aug[9]",0.0100031682847083,0.00766535063112824,0.581663888082023,-1.04567120806511,-0.381498979401821,-0.032327649419081,0.361987346208868,1.28919386852079,5758.11260129724,1.00004682092141
"z_eps_aug[10]",0.598769651890939,0.00727170594044202,0.678326594860517,-0.718421135494736,0.154772914239357,0.585933758767402,1.0323822358384,1.98414166237866,8701.71936202748,0.999900124158382
"z_eps_aug[11]",-0.774211577000485,0.00856601876547868,0.558197164269176,-1.76540021636797,-1.14008751097604,-0.818825370895956,-0.458992682575598,0.457573984961196,4246.3638972799,1.00030445028473
"z_eps_aug[12]",0.0276144426944002,0.00666249228687296,0.610249019824655,-1.17320585176952,-0.358555556111981,0.0100988380998279,0.401777613345188,1.27636389205616,8389.59010072164,0.999756226429133
"z_eps_aug[13]",-0.0987329464188693,0.00684950673120723,0.56282578284665,-1.1548262752321,-0.468569940027006,-0.12726606408248,0.239281106441482,1.13011006248525,6751.95244115048,0.999678045234614
"z_eps_aug[14]",0.00505237358877202,0.00840177941693385,1.01404370016245,-1.99642627633236,-0.664219917059138,0.00188010005597689,0.684515274895119,2.0173267919436,14567.0225363482,0.999772492138452
"z_eps_aug[15]",0.181577259125644,0.00752862534906009,0.758984021876947,-1.33494865778822,-0.30770922212043,0.192429173429668,0.668708409104001,1.68830980048671,10163.2801058769,1.00019268249074
"z_eps_aug[16]",-0.126830163561555,0.00687583225192547,0.639747859286064,-1.36983250951685,-0.533109304515543,-0.134209190309834,0.265853249644304,1.23866024812716,8656.99441108027,1.00027382605396
"z_eps_aug[17]",-0.476564978979942,0.00628992598402457,0.529846386456189,-1.47815543928394,-0.812149979031545,-0.490531005888397,-0.172182340211116,0.651495050954395,7095.92282812853,0.999809154869992
"z_eps_aug[18]",0.391669443311021,0.00980598179559763,0.721903201668809,-1.04729499007742,-0.0781951826198321,0.40700059887127,0.869463958758335,1.79747592073713,5419.70652800981,1.00000274688431
"z_eps_aug[19]",0.457841466305638,0.0069511290773066,0.704911104974305,-0.89634547665376,-0.0170999729086235,0.441863430758669,0.911948923591257,1.87650641016223,10283.90363702,0.999740736519058
"z_eps_aug[20]",0.860508545485705,0.00744093510909771,0.693618418219675,-0.513000616269716,0.403154639554691,0.84880618424353,1.31028514397237,2.24960488766236,8689.32816482474,0.999821807473165
"z_eps_aug[21]",0.191921307866629,0.00715348732594165,0.655912257109754,-1.0733537619893,-0.22578046076582,0.17439997270279,0.607363499244258,1.53361475674353,8407.28692454533,1.00097640619681
"z_eps_aug[22]",1.15418222519411,0.00917371795677111,0.743416141674401,-0.389336084401938,0.683928974156816,1.16471974308181,1.64623604665918,2.57313245922519,6567.0935921909,0.999960650997269
"z_eps_aug[23]",1.06295957604112,0.0138784590757548,0.941303419079523,-0.888453936721925,0.46219060257333,1.09401440211168,1.69500816077798,2.86872136028716,4600.20064059214,0.999940011163029
"z_eps_aug[24]",0.80978673729342,0.00664786778962012,0.641532152531472,-0.443274424898773,0.392293830214985,0.799676747124917,1.2161675936672,2.12434456254172,9312.62482933583,1.00018054377869
"p_tr_sd",0.568882764785641,0.00798003151486588,0.277233811686851,0.0564274258824022,0.370968431489687,0.56974792552402,0.754481416881164,1.12135504117823,1206.93304818036,1.0018724274623
"p_aug_sd",0.653836544260287,0.00510768370670464,0.207172159952721,0.284688233882412,0.509085631700908,0.640363286017866,0.785432443527382,1.09598062462641,1645.18520947495,1.00203980593258
"mu_tr",-1.47828684837839,0.00515355134179375,0.251966571003202,-1.99956885974231,-1.64890573201996,-1.46870229954911,-1.30354593143164,-1.01470745935507,2390.41132353696,1.00165857871822
"mu_aug",1.7084162728254,0.00499529607923528,0.231403481359782,1.30304709952822,1.54451084792357,1.68887459675371,1.85943898173588,2.1979020970271,2145.93867830426,1.00178990064107
"N_sept[1]",125.626828705881,0.208382812468186,20.2420568059112,89.8744217449294,111.584536362373,124.339592911392,137.993018941932,169.938174791464,9435.94689628569,0.999712134989333
"N_sept[2]",219.912114949139,0.142741436390454,14.1655227101242,193.426292005067,210.122355463902,219.4911857716,229.324006352643,248.677707330076,9848.38649630498,0.99974567523561
"N_sept[3]",476.223280820035,0.271431828165834,22.8444065297936,432.733214233665,460.61961576498,476.002694021015,491.444551889128,522.510496009181,7083.34209063883,1.00005363725611
"N_sept[4]",741.226906768361,0.293313279004424,27.7502389368051,689.2748347854,721.904535388487,740.316288713971,759.568711426683,798.180638722761,8950.96798413341,0.999804162199886
"N_sept[5]",495.617684869298,0.266200145013199,18.2476494750223,461.58696668096,483.075188915412,494.977649829114,507.771414680057,533.733768350302,4698.91170249822,0.999999000870685
"N_sept[6]",444.564344932434,0.48165654503367,28.9932673717557,394.553022791347,423.958048624489,442.623925775595,463.385458411108,505.242151857928,3623.42593829677,1.00009173816359
"N_sept[7]",413.446766348369,0.227710829288334,14.7454406260041,386.385137886105,403.265191939644,412.750850743842,422.854576894795,444.968518608492,4193.22474160759,1.00062808403556
"N_sept[8]",455.484206121088,0.273704968821935,21.6084034436548,414.117596423829,440.551449865902,455.17806721456,469.972386469458,498.881118262863,6232.75414765561,1.00012538797251
"N_sept[9]",423.721353727718,0.182183780886993,18.4096273681405,388.950810737697,411.110309949394,423.506231040313,435.710175645503,461.414869992755,10211.0540333498,0.999866352331365
"N_sept[10]",366.957503897318,0.197325801295299,19.3757607621187,330.30507435873,353.458054509424,366.257395673982,380.174920247354,405.877667942318,9641.61480465994,0.999722061205761
"N_sept[11]",598.662372760865,0.306650714004941,27.1982884126442,546.876335742186,580.33045385728,597.957015259779,616.611008540882,653.746359377138,7866.74710614916,1.00044612947603
"N_sept[12]",1179.08461921357,0.947340983209144,81.0722736082569,1031.75426828415,1123.19486712031,1174.12619962615,1230.50352257416,1347.49964113846,7323.72542206349,0.999937840341644
"N_sept[13]",650.95874076,0.297059857310897,27.8374756200094,598.835546361988,631.600824529105,650.176971076541,669.129957508774,708.415799420449,8781.56182327779,1.0005506665881
"N_sept[14]",547.602253213965,0.291174886624325,32.5825164402443,486.541564988901,524.940015669306,546.564633120264,569.533671640444,614.169153428546,12521.6458380017,1.00032376489161
"N_sept[15]",207.592856118764,0.227701488757602,21.2403503254063,169.267412361282,192.903035287481,206.076103743254,220.95414912911,252.435860811973,8701.44963248873,0.999843502681322
"N_sept[16]",430.182280853451,0.376507040335195,34.3640935199565,367.915844073597,406.984751633266,428.525533941937,451.858937109708,501.844753776959,8330.35638385974,0.999868142124345
"N_sept[17]",655.956128084541,0.320347379723139,29.1528803825232,602.643135075512,635.648663375618,654.848928076043,674.920834427018,716.610548473139,8281.72087891075,0.999881357494633
"N_sept[18]",592.794857479459,0.48257169304723,35.0196255142199,529.353365151042,568.820971320644,590.229148604539,615.156936723227,669.369239258372,5266.22376661353,1.00063478733048
"N_sept[19]",218.790575338619,0.197665583771376,17.7303843744706,186.322128676026,206.570711599148,217.942624446957,230.188786638746,255.991851014382,8045.89170127857,0.999912237222812
"N_sept[20]",427.353719020573,0.339843125196218,30.4811933803399,371.499446118662,406.271719180454,426.056004344359,446.875195912726,491.908344202751,8044.64631042473,0.999991663863385
"N_sept[21]",304.610975433291,0.238032891291789,21.3853675174001,266.166765765736,289.868566253072,303.349630995599,317.931137790983,349.844779998375,8071.59741783,1.00089476369726
"N_sept[22]",446.874238620317,0.417564998875385,39.6317961487651,375.129646070867,419.282677946931,444.880580081918,472.430010091354,528.85239428918,9008.22727149986,0.999645322149177
"N_sept[23]",211.542150234895,0.586467397455527,48.0329821057023,132.393635779887,177.793575361392,207.22171814256,240.119218519412,318.932305958077,6707.97372373517,0.999705569575205
"N_sept[24]",819.155143194098,0.479837013065973,42.0419630899385,741.09100777717,789.950704104715,818.404508379122,847.02550765503,904.111335228916,7676.76918869241,1.00014959646835
"N_aug[1]",92.9414817352864,0.173808543784173,17.6343451780048,61.8806052355607,80.2639828180743,91.7338699294913,104.274760017489,131.382765753044,10293.8167599067,0.999604604651623
"N_aug[2]",183.854505105803,0.132549574971801,13.3654820245898,157.89681396866,174.732340879589,183.570414158892,192.791287141424,210.382726961188,10167.4623607795,0.999924987517709
"N_aug[3]",322.259763200785,0.245313715599997,19.0381972599206,286.56237347442,309.415649738252,321.627412726163,334.767500882446,360.612451638516,6022.93233001766,1.00012024079132
"N_aug[4]",567.767215733638,0.228900208657616,21.5584353522033,526.545607275429,553.210733288979,567.638829888353,582.104436870364,610.514834104186,8870.37741628727,1.00041832896769
"N_aug[5]",434.979749413874,0.223503823857687,16.1511136258522,403.497551774584,423.909176892216,434.974908349447,445.75048826199,466.943414986739,5221.97789965382,1.00017143805911
"N_aug[6]",336.042181797555,0.137807350233863,12.8466449552118,311.794472305052,327.144038015606,335.812609721872,344.557793826627,361.901581877169,8690.2981954776,1.0000812566688
"N_aug[7]",370.205121346296,0.179514531177627,13.3568870688151,343.91791498658,361.303662691408,370.276032831551,379.219694181346,396.508758147233,5536.19386496336,0.999895435004172
"N_aug[8]",309.56029367726,0.221352817396913,18.0237978653663,275.446133762393,297.251372248808,308.996807909348,321.321677629243,345.906470286449,6630.13708818687,0.999905089312838
"N_aug[9]",355.627764539949,0.207715453910485,19.3856036688688,317.9991375475,342.513059766499,355.408893913121,368.639693346702,393.982741147666,8710.05788078036,0.999901939315451
"N_aug[10]",323.465083138664,0.263740915798242,22.0516524999128,280.524347438626,308.462790778946,323.681265179664,338.357239745865,366.17656116885,6990.80616171453,0.99980159308755
"N_aug[11]",455.552407298139,0.373726879355238,30.2629163845701,397.530501819212,435.360038663356,455.175256296132,475.403055223151,516.585221668906,6557.11630357552,1.00021370363975
"N_aug[12]",990.578763590046,0.754783216486989,71.1896787430245,856.568496311427,941.370358600293,988.375981663917,1036.87188362323,1135.47754529652,8895.893953804,0.99984958071069
"N_aug[13]",540.749822893826,0.318748601315188,29.6375912217432,484.609595863885,520.125595864012,540.369663870471,560.792042224651,599.5154454701,8645.48241819255,1.00058343545284
"N_aug[14]",452.066192073037,0.577820712410018,60.4728103590122,314.294913927866,419.038719385886,457.728192753257,492.138486124251,553.607263093414,10953.0253644005,0.999982007690523
"N_aug[15]",176.331519835576,0.204145791624712,19.660938580598,139.087978737857,162.858860990906,175.447769938655,188.935845746459,217.864741755332,9275.29283537356,1.00005052464476
"N_aug[16]",355.471529906333,0.268078727265553,27.6165644514751,303.598561336866,336.464861148102,354.447698145036,373.567915529916,412.748709192454,10612.424053617,0.999636933107352
"N_aug[17]",522.243317452733,0.292449588894863,27.2775921147507,469.541704180703,503.615448548998,522.286143333572,540.489763133583,576.531702215529,8699.81528342177,0.999728343318013
"N_aug[18]",513.863134550813,0.412615569542993,31.1546952131273,453.096117584665,492.707893871935,513.665004325142,534.952268548238,576.496963442752,5701.06235070431,1.00002985303575
"N_aug[19]",190.626780462794,0.171807167482406,16.2933123998939,160.480979425029,179.397978355877,190.034866581181,201.331261926259,223.829942382373,8993.65478317573,0.999902805693478
"N_aug[20]",382.979607413438,0.292739119081236,27.4554604136191,331.974718359169,364.089215142178,382.25332710631,400.421663895658,440.186121495825,8796.21708193484,1.00000285876531
"N_aug[21]",259.572104231815,0.190372421841387,17.4427088643037,226.756582108567,247.555997438307,259.211998123255,270.388089364723,295.960560063291,8394.98248531351,0.999948176269841
"N_aug[22]",406.846543920345,0.409338031582299,37.7114059712317,337.243028631089,380.409919773077,405.244968011917,431.97272458665,484.24177457883,8487.5286813633,1.00016182623812
"N_aug[23]",190.806593344615,0.513809347780547,44.3090819816104,117.633144678621,159.643019329633,185.848781074273,217.407551351439,289.884459895341,7436.72123089176,0.999786627649568
"N_aug[24]",732.998103693024,0.609011714960904,45.0981280366182,644.406683510791,702.76033027954,732.667010540619,763.537458805299,821.558039030789,5483.59961051062,0.99970430972297
"inc[1]",32.6853469705948,0.161639870029379,12.1953053669779,14.474670324934,23.9365123067969,30.6802789835489,39.4526812287975,61.668689874683,5692.3077740651,1.00009351945537
"inc[2]",36.0576098433363,0.113501467320981,11.2587305406682,17.4934131168681,27.9028591474001,34.9713064624327,42.9531837964385,60.9231376191892,9839.56498170424,0.999857188276122
"inc[3]",153.96351761925,0.408124112597121,28.8945820343002,97.7154475019021,134.632495738185,153.769653414333,173.563525389354,210.72975606569,5012.43004773093,1.00019067944633
"inc[4]",173.459691034723,0.339741648396286,32.7132885897099,112.696833194118,150.557369205756,172.62323591315,194.850698748551,240.800410785649,9271.51767572793,1.00022719337501
"inc[5]",60.6379354554248,0.407951945350663,22.4567001360099,23.1082704340657,43.7735059014837,58.8962101727309,75.6283089120216,108.509226655156,3030.21792523275,1.00027929537863
"inc[6]",108.522163134879,0.486663899922563,28.5168164010405,59.9869404796973,87.552793737418,106.358281357664,126.891927305551,168.726784826382,3433.55346995233,1.00018397622331
"inc[7]",43.2416450020727,0.33543567169847,17.3922803118954,14.578809000327,30.3470262941484,41.3838403075162,54.6104696068666,80.6483854539304,2688.40417803828,1.00053893521983
"inc[8]",145.923912443828,0.409028146625173,27.1945589139437,93.6143817559566,127.162215298349,146.15308707504,164.280197791346,200.445941474401,4420.36009420737,0.999986666442757
"inc[9]",68.0935891877693,0.223767711310449,19.8294932133052,33.9933892261714,53.8672847790992,66.3722844973298,80.7703219476259,111.030899479327,7852.86967610635,0.999828192740609
"inc[10]",43.4924207586548,0.33138874292941,18.3839091409225,15.7301583130932,29.9098215852427,40.3702067261968,54.4832586135458,86.0065001093231,3077.51534179424,1.00031060014052
"inc[11]",143.109965462726,0.491771326271644,33.9642632761129,81.0690108480387,119.342131272791,141.937160694378,165.835548732615,213.93450137251,4769.99574825935,1.0006125062645
"inc[12]",188.505855623524,0.978671667492426,66.3822292894393,89.1964783266189,140.851723176615,177.299046502947,225.461510248068,348.64720518873,4600.76059314969,0.999987670804467
"inc[13]",110.208917866173,0.345929785741559,31.0049779640536,57.5775138339639,87.8389000856654,107.2833252361,129.149725534799,178.137615415783,8033.16964096431,1.0000229456645
"inc[14]",95.536061140928,0.536691864797875,54.2348780184464,18.4728827894933,58.0507514952235,86.8938449026334,121.821446333737,230.42862949788,10211.9178123914,0.999846140412061
"inc[15]",31.2613362831885,0.212768779827448,14.6866575933045,10.0785202061976,20.5936040686098,28.9511249652711,38.873131679016,67.7877424145128,4764.64045124833,1.00122236978967
"inc[16]",74.7107509471177,0.362939924511615,27.7407685765471,32.6826251442911,55.0340934893661,70.7263133850401,90.0532891096017,141.29801344794,5842.07986176215,0.999937696559334
"inc[17]",133.712810631808,0.387889423211516,33.6359998440091,74.9976440123465,109.776458164819,131.006861447646,155.346087335128,205.377238746966,7519.56656812444,1.00010742194486
"inc[18]",78.9317229286465,0.752735799057488,37.5134391983901,25.0946808140155,49.2013135491793,72.6339596650396,103.275630121301,164.451757204936,2483.63986144183,1.00144810303
"inc[19]",28.1637948758246,0.20625484487652,12.5522166724064,9.18494891804722,18.8307014593756,26.3441778570794,35.4288180691594,57.1331007735053,3703.67215949948,1.0004228580159
"inc[20]",44.3741116071349,0.406371445469805,21.6712922730778,14.3172633051691,27.9082149837771,40.2854431682761,56.5152905614443,95.8076988250981,2843.95847690622,1.00157209202205
"inc[21]",45.0388712014764,0.280873082043164,18.0090972397235,17.7286189640772,31.9157021513882,42.385938790494,55.5184915817131,86.4331769331387,4111.15306350376,1.00146257989769
"inc[22]",40.0276946999716,0.491600503362565,23.2661612974754,10.1937074357352,22.5943590253513,34.5595933244968,52.331841949005,98.3806369508431,2239.88040988176,1.00132886634072
"inc[23]",20.7355568902808,0.325304805398071,15.4680615817298,3.03391728484453,9.65181640080401,16.7555724481666,27.8381484544732,59.6755171815137,2260.94931907679,1.00027563182687
"inc[24]",86.1570395010738,0.678572495591786,37.1637832174665,33.4695297545987,58.2558672143289,79.5723028684164,107.840142296545,173.838028824933,2999.48939763809,1.00053116900372
"p_aug[1]",0.740877150891673,0.00105443675503507,0.0817644653664867,0.556904773455075,0.690868594052944,0.749927868042127,0.801450937444784,0.874733127026751,6012.95745341611,0.999878536799839
"p_aug[2]",0.836882486959058,0.000471167673833122,0.0467108530378823,0.737087297316539,0.806962872528644,0.840154944057307,0.870837841832244,0.917230344641685,9828.44075380752,0.999898610454693
"p_aug[3]",0.678146929018687,0.000726409447928904,0.0501535860257422,0.582782600064159,0.643213726162828,0.676309267572871,0.711086483288382,0.781331060408695,4766.95457562154,1.00023715073232
"p_aug[4]",0.766900868243237,0.00039558805023401,0.0377980117221618,0.692852730335147,0.741038794219187,0.767095827162273,0.792623731096371,0.840264916730026,9129.59647904404,1.00035884104699
"p_aug[5]",0.878649108462206,0.000759813340216793,0.0418644537320636,0.79231658082997,0.849981376509835,0.880850263676034,0.910097364379863,0.951506301000936,3035.827067313,1.00027753648358
"p_aug[6]",0.758571301965403,0.000836607923269559,0.049606828547398,0.660075742572122,0.725010971575787,0.759820735012662,0.793994901205259,0.85043136230628,3515.91995143534,1.00016789799424
"p_aug[7]",0.896266729784145,0.00075535304017128,0.0392891593447527,0.814293632851824,0.869803550338637,0.899613817957951,0.925370955344375,0.963416189041823,2705.4873641887,1.00048086872638
"p_aug[8]",0.681034074864438,0.000749484534009458,0.0494271718308468,0.58751407483624,0.647206115101443,0.679238692635394,0.714208413953792,0.782588794616062,4349.16787874233,0.999934494051993
"p_aug[9]",0.839977711575083,0.000493995526253073,0.0434454429805384,0.747822609780194,0.811312663164001,0.84300191194874,0.870924563840635,0.917719380896754,7734.681372385,0.999844808066814
"p_aug[10]",0.881985028374902,0.000855346212644504,0.0479397112878444,0.772968650656838,0.851678092867712,0.889593712220645,0.917628956656294,0.956505996452453,3141.28221136751,1.000287131671
"p_aug[11]",0.761816048951842,0.000753766629263029,0.0515827622654378,0.659870653084738,0.726522996771978,0.761972999801596,0.79766890766755,0.859334499919344,4683.12097847601,1.0005464382682
"p_aug[12]",0.841434767618068,0.000731438691863912,0.0496354355526551,0.729157872100911,0.81124018222783,0.848219367634605,0.877172543194902,0.920743840698397,4604.9806989826,0.999959773001091
"p_aug[13]",0.831391187563453,0.000490496442783719,0.0440540167078267,0.73780132172993,0.803444450699938,0.834206277147159,0.863295611678697,0.908700229691433,8066.76304631233,1.00004836767116
"p_aug[14]",0.825494006614999,0.000976060149194234,0.098683030764956,0.581989416851726,0.777838295846281,0.841254343066683,0.893748666118591,0.966450913541491,10221.9039296508,0.999850364711061
"p_aug[15]",0.851014844028213,0.000914366641301844,0.0631205281164635,0.702341219107958,0.815229769361527,0.859037511851996,0.897582296656903,0.948307488893839,4765.41251442754,1.0014179255727
"p_aug[16]",0.82834127938612,0.000721169432955803,0.0550222882343045,0.704734968373647,0.794629047399944,0.833939658226659,0.867875383547387,0.919701924763848,5821.06801613308,0.999893016072732
"p_aug[17]",0.797177213282281,0.000526417548407273,0.0457000223814479,0.703265615727284,0.76704432788972,0.799506625731958,0.829160460801524,0.880630957633627,7536.54174341282,1.00007763564989
"p_aug[18]",0.868690973525554,0.00115880596322278,0.0572664975589844,0.742558439269715,0.828385257013266,0.876106401003221,0.914501681253837,0.955391491107602,2442.19198597941,1.00147517947747
"p_aug[19]",0.872545807784167,0.000855571354859284,0.0521168276429413,0.756277173471623,0.83942779053966,0.8785128923325,0.911903062017322,0.955087668562084,3710.59430149264,1.00051723510214
"p_aug[20]",0.89736595232425,0.000876179577890538,0.0462749351768224,0.790282752607254,0.86910953144384,0.904450264477822,0.932832249998038,0.965163319532162,2789.36524504125,1.00156506843488
"p_aug[21]",0.853919196963722,0.000809945371648297,0.0517681188108258,0.740586973429097,0.820958446221509,0.859108268453182,0.892165615954373,0.938324716259428,4085.19988531168,1.00136519452982
"p_aug[22]",0.911408695194282,0.00103227791390561,0.0483338944271233,0.794194927101935,0.883907754527183,0.921660276201091,0.948459253808721,0.976241168596858,2192.35211285225,1.00147953063249
"p_aug[23]",0.903218641133584,0.00134413838481561,0.0627825583974587,0.758141050859447,0.868017224616123,0.917639628149452,0.951704428326575,0.985305383191934,2181.67498251448,1.00063529725691
"p_aug[24]",0.895365577984974,0.000782872450303637,0.0431010644280935,0.795956980125101,0.869224387679782,0.902699767369904,0.928100284899744,0.958525342322992,3031.05607379035,1.00043075415472
"p_tr[1]",0.296325125038942,0.00178593073585354,0.112057312527716,0.148282947260521,0.217117731766148,0.269677388803233,0.352320993193018,0.586518999898576,3936.87097837097,1.00001034470524
"p_tr[2]",0.255896894701186,0.00100764297170632,0.0886731620526389,0.127795379558217,0.196918002203347,0.238756355866554,0.298125887259427,0.480248828607649,7744.1014008079,0.999827263139773
"p_tr[3]",0.269391382067868,0.000964138084755478,0.0652450481766984,0.174278677461575,0.223867789767049,0.257672433361929,0.302304560201647,0.430463770896084,4579.48494328161,1.00016489546958
"p_tr[4]",0.19834976944397,0.000513488481838173,0.0469041228114513,0.120999476719299,0.165874958247055,0.193210800699568,0.225919778628866,0.305801870419709,8343.73733895105,1.0000943915488
"p_tr[5]",0.143634152898545,0.00132499352575248,0.0640840984323003,0.0483967284020122,0.0936441160161757,0.133348640899506,0.18698164572489,0.280690710424091,2339.23064742869,1.00038094969679
"p_tr[6]",0.314180380719049,0.0017981011968779,0.0973234033123227,0.180424337210675,0.242036871577331,0.295678647701804,0.365244041408545,0.551221262205639,2929.58642533,1.00025660036173
"p_tr[7]",0.146089323159609,0.0014329585397054,0.0677439822032719,0.0441867040392307,0.0931955337271371,0.137713316198439,0.19193847257069,0.294291296882853,2234.98284783067,1.00057921202824
"p_tr[8]",0.270174936035902,0.00102410892861674,0.0675682446720116,0.17130380336926,0.223044610009099,0.258744489927183,0.304800448451823,0.435446176080494,4353.04311205873,0.999934882358837
"p_tr[9]",0.214747710225448,0.000798224105225275,0.0708709978255038,0.104775087129604,0.165837960819316,0.206171113707982,0.249826433815664,0.390060707675314,7882.92541449953,0.999997838537768
"p_tr[10]",0.173229595772776,0.00127328158891901,0.0732312133990377,0.0586982655804163,0.119544104083144,0.166753651906755,0.216683230578467,0.334266089212601,3307.83274124612,1.0007361119591
"p_tr[11]",0.291841766703612,0.00128303213161967,0.0835361396586136,0.174964502646566,0.232649006088377,0.274665191862601,0.334232686348459,0.497263711524707,4239.10074847036,1.00030479910234
"p_tr[12]",0.190208196489979,0.000957011951430289,0.0669146727331652,0.0880041273323966,0.142009108745132,0.183199786340432,0.22770589562877,0.344894470504429,4888.86442342671,1.00021005810283
"p_tr[13]",0.211337787473393,0.000774573591783208,0.0651910718284823,0.110395092312982,0.166082532732797,0.204058088030841,0.244690848111439,0.363023609252334,7083.54848244202,1.00014254724763
"p_tr[14]",0.204657432542665,0.0010200063162635,0.102977014830008,0.0470932139781163,0.135553617659231,0.195128940947115,0.252692466789064,0.464418818499831,10192.3627955486,1.0002901154251
"p_tr[15]",0.173196161994802,0.00119780583813025,0.0750498880992467,0.0545859369091646,0.11641316497268,0.166215322644702,0.218465699828521,0.339825681781761,3925.79165085156,1.00016038680578
"p_tr[16]",0.196082980100234,0.000944437741022122,0.0726437552719142,0.0835556322018033,0.145232457721401,0.188859004614727,0.234025322302851,0.36430165819734,5916.29615850502,1.00001805542714
"p_tr[17]",0.199259651805853,0.000690768594098996,0.0576908421142983,0.109837320475942,0.158789430396715,0.192588766626648,0.230772235898252,0.329268670964025,6975.07029273054,0.999853368141475
"p_tr[18]",0.136422617754358,0.00158965333855119,0.0675440237010709,0.0398941475708219,0.0828378288953526,0.123914696114778,0.183279203383394,0.282082014170222,1805.38156855167,1.00202865882617
"p_tr[19]",0.179192731004167,0.00117751502280586,0.0757711185430418,0.05953793897573,0.124131385589835,0.173849717127123,0.222720740979028,0.352037396868033,4140.70683884179,1.0007211847429
"p_tr[20]",0.159882159491265,0.00141069303390522,0.073373804880261,0.0476451686830583,0.103157418333962,0.15333506910426,0.206246249934163,0.321464797961935,2705.30999722339,1.00127137998274
"p_tr[21]",0.183898566441229,0.00104409767463174,0.0735045002405901,0.0709497611164649,0.13070716752438,0.176740166608615,0.224680921754248,0.351172226060178,4956.16322926682,1.0007972960666
"p_tr[22]",0.143652560979507,0.00158683304180314,0.0741132477853467,0.0322681267465418,0.0831582316955418,0.134435933173187,0.195531096366671,0.297617786032928,2181.36942024125,1.00075225809727
"p_tr[23]",0.128762245814678,0.001834947474823,0.0763582962268866,0.0175008190740996,0.0648764433308788,0.117856026332366,0.185682967353848,0.285837506502495,1731.67020542373,1.0017505574023
"p_tr[24]",0.170792056303827,0.00127781676563094,0.0709696368744017,0.062532397527236,0.116608664332318,0.163473873035949,0.214927036477063,0.329178850413806,3084.6649745238,1.00052593297152
"lp__",695.452223330304,0.218667209780049,8.30185621953664,678.383114538719,690.061861915463,695.795975816692,701.271955372125,710.771516028062,1441.3952561313,1.00351404386146
